placebo_type,feature_space,stat,n_tests,frac_p_lt_0p05,ci95_p_lt_0p05_lo,ci95_p_lt_0p05_hi,frac_p_lt_0p01,ci95_p_lt_0p01_lo,ci95_p_lt_0p01_hi
placebo_B_random_halves_2024,level_3D,p_energy,600,0.041666666666666664,0.02837953071156377,0.06078557483929593,0.01,0.004590859523391852,0.021643835138254512
placebo_B_random_halves_2024,level_3D,p_mmd2,600,0.06333333333333334,0.04648686348679297,0.08573589161984428,0.011666666666666667,0.0056625115530230564,0.023884309997529277
placebo_B_random_halves_2024,shape_24D,p_energy,600,0.03833333333333333,0.02567709025890139,0.05686376151414639,0.013333333333333334,0.006771272744898206,0.026087675694560088
placebo_B_random_halves_2024,shape_24D,p_mmd2,600,0.04,0.027024835970159082,0.058828142691794656,0.013333333333333334,0.006771272744898206,0.026087675694560088
placebo_B_random_halves_2025,level_3D,p_energy,600,0.05,0.03524504216014046,0.07048069783524907,0.011666666666666667,0.0056625115530230564,0.023884309997529277
placebo_B_random_halves_2025,level_3D,p_mmd2,600,0.05,0.03524504216014046,0.07048069783524907,0.015,0.00791115278835805,0.028259922540006213
placebo_B_random_halves_2025,shape_24D,p_energy,600,0.04666666666666667,0.0324816704368103,0.06661981578076731,0.008333333333333333,0.0035645513465728095,0.019358016426167593
placebo_B_random_halves_2025,shape_24D,p_mmd2,600,0.04833333333333333,0.03386067991337792,0.06855293319310564,0.008333333333333333,0.0035645513465728095,0.019358016426167593
